Appendix 2. Annotation information for nitrogen-fixing microorganisms,,,,,,,,
,Accession number,Kingdom,Phylum,Class,Order,Family,Genus,Species
AAB63032,AAB63032,Bacteria,Proteobacteria,Betaproteobacteria,Rhodocyclales,Rhodocyclaceae,Azospira,Azospira oryzae
AAB63033,AAB63033,Bacteria,Proteobacteria,Betaproteobacteria,Rhodocyclales,Zoogloeaceae,Azoarcus,Azoarcus communis
AAB63035,AAB63035,Bacteria,Proteobacteria,Betaproteobacteria,Rhodocyclales,Zoogloeaceae,Azoarcus,Azoarcus indigens
AAD55588,AAD55588,Bacteria,Proteobacteria,Gammaproteobacteria,Vibrionales,Vibrionaceae,Vibrio,Vibrio natriegens
AAF60986,AAF60986,Bacteria,Proteobacteria,Gammaproteobacteria,Pseudomonadales,Pseudomonadaceae,Azomonas,Azomonas agilis
AAG35586,AAG35586,Bacteria,Proteobacteria,Betaproteobacteria,Rhodocyclales,Zoogloeaceae,Azoarcus,Azoarcus sp. BH72
AAK53549,AAK53549,Bacteria,Proteobacteria,Alphaproteobacteria,Rhizobiales,Rhizobiaceae,Sinorhizobium,Sinorhizobium fredii
AAK97414,AAK97414,Bacteria,Proteobacteria,Gammaproteobacteria,Methylococcales,Methylococcaceae,Methylobacter,Methylobacter marinus
AAK97415,AAK97415,Bacteria,Proteobacteria,Gammaproteobacteria,Methylococcales,Methylococcaceae,Methylomonas,Methylomonas sp. LW13
AAK97416,AAK97416,Bacteria,Proteobacteria,Gammaproteobacteria,Methylococcales,Methylococcaceae,Methylomonas,Methylomonas sp. LW15
AAK97418,AAK97418,Bacteria,Proteobacteria,Alphaproteobacteria,Rhizobiales,Methylocystaceae,Methylocystis,Methylocystis sp. LW2
AAK97419,AAK97419,Bacteria,Proteobacteria,Alphaproteobacteria,Rhizobiales,Methylocystaceae,Methylocystis,Methylocystis sp. LW5
AAL27278,AAL27278,Bacteria,Proteobacteria,Alphaproteobacteria,Rhizobiales,Beijerinckiaceae,Beijerinckia,Beijerinckia indica
AAN78187,AAN78187,Bacteria,Firmicutes,Unassigned,Unassigned,Unassigned,Unassigned,uncultured low G+C Gram-positive bacterium
AAN78194,AAN78194,Bacteria,Proteobacteria,Gammaproteobacteria,Unassigned,Unassigned,Unassigned,uncultured Gammaproteobacteria bacterium
AAN78200,AAN78200,Bacteria,Firmicutes,Unassigned,Unassigned,Unassigned,Unassigned,uncultured low G+C Gram-positive bacterium
AAO38343,AAO38343,Bacteria,Nitrospirae,Nitrospira,Nitrospirales,Nitrospiraceae,Leptospirillum,Leptospirillum ferrooxidans
AAO49390,AAO49390,Bacteria,Proteobacteria,Alphaproteobacteria,Rhizobiales,Methylocystaceae,Methylocystis,Methylocystis echinoides
AAO49391,AAO49391,Bacteria,Proteobacteria,Alphaproteobacteria,Rhizobiales,Methylocystaceae,Methylocystis,Methylocystis parvus
AAO49393,AAO49393,Bacteria,Proteobacteria,Alphaproteobacteria,Rhizobiales,Methylocystaceae,Methylosinus,Methylosinus trichosporium
AAO49394,AAO49394,Bacteria,Proteobacteria,Alphaproteobacteria,Rhizobiales,Methylocystaceae,Methylosinus,Methylosinus sporium
AAO49398,AAO49398,Bacteria,Proteobacteria,Gammaproteobacteria,Methylococcales,Methylococcaceae,Methylococcus,Methylococcus capsulatus
AAO49401,AAO49401,Bacteria,Proteobacteria,Gammaproteobacteria,Methylococcales,Methylococcaceae,Methylomonas,Methylomonas methanica
AAO49402,AAO49402,Bacteria,Proteobacteria,Gammaproteobacteria,Methylococcales,Methylococcaceae,Methylomonas,Methylomonas rubra
AAQ11985,AAQ11985,Bacteria,Proteobacteria,Gammaproteobacteria,Enterobacterales,Enterobacteriaceae,Klebsiella,Klebsiella pneumoniae
AAQ99146,AAQ99146,Bacteria,Cyanobacteria,Unassigned,Chroococcidiopsidales,Chroococcidiopsidaceae,Chroococcidiopsis,Chroococcidiopsis thermalis
AAR06907,AAR06907,Bacteria,Proteobacteria,Alphaproteobacteria,Rhizobiales,Rhizobiaceae,Rhizobium,Rhizobium daejeonense
AAT28200,AAT28200,Bacteria,Proteobacteria,Alphaproteobacteria,Rhizobiales,Phyllobacteriaceae,Mesorhizobium,Mesorhizobium ciceri
AAU05770,AAU05770,Bacteria,Proteobacteria,Alphaproteobacteria,Rhizobiales,Beijerinckiaceae,Methylocapsa,Methylocapsa acidiphila
AAX31601,AAX31601,Bacteria,Proteobacteria,Gammaproteobacteria,Pseudomonadales,Pseudomonadaceae,Azomonas,Azomonas macrocytogenes
AAX39404,AAX39404,Bacteria,Proteobacteria,Alphaproteobacteria,Rhizobiales,Rhizobiaceae,Rhizobium,Rhizobium sp. CCBAU 33220A
AAX82510,AAX82510,Bacteria,Cyanobacteria,Unassigned,Nostocales,Tolypothrichaceae,Tolypothrix,Tolypothrix sp. PCC 7601
AAX82511,AAX82511,Bacteria,Cyanobacteria,Unassigned ,Nostocales,Nostocaceae,Anabaena,Anabaena cylindrica
AAX84829,AAX84829,Bacteria,Proteobacteria,Gammaproteobacteria,Unassigned,Unassigned,Unassigned,gamma proteobacterium BAL281
ABA24076,ABA24076,Bacteria,Cyanobacteria,Unassigned,Nostocales,Nostocaceae,Nostoc,Nostoc sp. PCC 7120
ABC26893,ABC26893,Bacteria,Proteobacteria,Betaproteobacteria,Burkholderiales,Oxalobacteraceae,Herbaspirillum,Herbaspirillum seropedicae
ABC46423,ABC46423,Bacteria,Cyanobacteria,Unassigned,Nostocales,Nostocaceae,Trichormus,Trichormus variabilis
ABF22485,ABF22485,Bacteria,Proteobacteria,Alphaproteobacteria,Rhodospirillales,Rhodospirillaceae,Telmatospirillum,Telmatospirillum siberiense
ABF22490,ABF22490,Bacteria,Proteobacteria,Alphaproteobacteria,Rhodospirillales,Rhodospirillaceae,Phaeospirillum,Phaeospirillum fulvum
ABF69197,ABF69197,Bacteria,Cyanobacteria,Unassigned,Nostocales,Hapalosiphonaceae,Mastigocladus,Mastigocladus laminosus
ABF69198,ABF69198,Bacteria,Cyanobacteria,Unassigned,Unassigned,Unassigned,Unassigned,filamentous thermophilic cyanobacterium tBTRCCn 301
ABF69199,ABF69199,Bacteria,Cyanobacteria,Unassigned,Unassigned,Unassigned,Unassigned,filamentous thermophilic cyanobacterium tBTRCCn 24
ABG47412,ABG47412,Bacteria,Proteobacteria,Deltaproteobacteria,Desulfuromonadales,Geobacteraceae,Geoalkalibacter,Geoalkalibacter ferrihydriticus
ABG88869,ABG88869,Bacteria,Proteobacteria,Alphaproteobacteria,Rhodospirillales,Rhodospirillaceae,Azospirillum,Azospirillum lipoferum
ABM05630,ABM05630,Bacteria,Proteobacteria,Alphaproteobacteria,Rhizobiales,Bradyrhizobiaceae,Bradyrhizobium,Bradyrhizobium japonicum
ABM05636,ABM05636,Bacteria,Proteobacteria,Alphaproteobacteria,Rhizobiales,Phyllobacteriaceae,Mesorhizobium,Mesorhizobium amorphae
ABM67585,ABM67585,Bacteria,Proteobacteria,Gammaproteobacteria,Pseudomonadales,Pseudomonadaceae,Unassigned,nitrogen-fixing bacterium HS002
ABM67592,ABM67592,Bacteria,Proteobacteria,Alphaproteobacteria,Rhizobiales,Unassigned,Unassigned,Rhizobiales bacterium ltg2
ABN10974,ABN10974,Bacteria,Proteobacteria,Gammaproteobacteria,Chromatiales,Ectothiorhodospiraceae,Ectothiorhodospira,Ectothiorhodospira shaposhnikovii
ABN10975,ABN10975,Bacteria,Proteobacteria,Gammaproteobacteria,Chromatiales,Ectothiorhodospiraceae,Ectothiorhodospira,Ectothiorhodospira haloalkaliphila
ABN10977,ABN10977,Bacteria,Proteobacteria,Gammaproteobacteria,Chromatiales,Thioalkalispiraceae,Thioalkalispira,Thioalkalispira microaerophila
ABN47437,ABN47437,Bacteria,Proteobacteria,Betaproteobacteria,Burkholderiales,Burkholderiaceae,Cupriavidus,Cupriavidus sp. tpud27.2
ABN47446,ABN47446,Bacteria,Proteobacteria,Betaproteobacteria,Burkholderiales,Burkholderiaceae,Cupriavidus,Cupriavidus sp. cmp60
ABO64209,ABO64209,Bacteria,Proteobacteria,Betaproteobacteria,Burkholderiales,Burkholderiaceae,Paraburkholderia,Paraburkholderia ferrariae
ABO64212,ABO64212,Bacteria,Proteobacteria,Betaproteobacteria,Burkholderiales,Burkholderiaceae,Burkholderia,Burkholderia sp. enrichment culture clone CATux-90
ABO64216,ABO64216,Bacteria,Proteobacteria,Betaproteobacteria,Burkholderiales,Burkholderiaceae,Trinickia,Trinickia caryophylli
ABO93639,ABO93639,Bacteria,Proteobacteria,Gammaproteobacteria,Vibrionales,Vibrionaceae,Vibrio,Vibrio parahaemolyticus
ABP37979,ABP37979,Bacteria,Proteobacteria,Deltaproteobacteria,Unassigned,Unassigned,Unassigned,uncultured delta proteobacterium
ABP37981,ABP37981,Bacteria,Proteobacteria,Gammaproteobacteria,Unassigned,Unassigned,Unassigned,uncultured Gammaproteobacteria bacterium
ABR01120,ABR01120,Bacteria,Proteobacteria,Deltaproteobacteria,Desulfuromonadales,Geobacteraceae,Geobacter,uncultured Geobacter sp.
ABR01121,ABR01121,Bacteria,Proteobacteria,Deltaproteobacteria,Desulfuromonadales,Geobacteraceae,Geobacter,uncultured Geobacter sp.
ABV79890,ABV79890,Bacteria,Cyanobacteria,Unassigned,Nostocales,Nostocaceae,Cronbergia,Cronbergia siamensis
ABX80637,ABX80637,Bacteria,Proteobacteria,Betaproteobacteria,Burkholderiales,Burkholderiaceae,Paraburkholderia,Paraburkholderia rhynchosiae
ACA23930,ACA23930,Bacteria,Proteobacteria,Alphaproteobacteria,Rhizobiales,Rhizobiaceae,Rhizobium,Rhizobium gallicum
ACA23939,ACA23939,Bacteria,Proteobacteria,Alphaproteobacteria,Rhizobiales,Phyllobacteriaceae,Mesorhizobium,Mesorhizobium septentrionale
ACF15259,ACF15259,Bacteria,Proteobacteria,Alphaproteobacteria,Rhizobiales,Rhizobiaceae,Neorhizobium,Neorhizobium huautlense
ACF22078,ACF22078,Bacteria,Proteobacteria,Gammaproteobacteria,Pseudomonadales,Pseudomonadaceae,Azotobacter,Azotobacter chroococcum
ACF98255,ACF98255,Bacteria,Proteobacteria,Alphaproteobacteria,Rhizobiales,Phyllobacteriaceae,Mesorhizobium,Mesorhizobium shangrilense
ACF98259,ACF98259,Bacteria,Proteobacteria,Alphaproteobacteria,Rhizobiales,Rhizobiaceae,Neorhizobium,Neorhizobium alkalisoli
ACH91250,ACH91250,Bacteria,Proteobacteria,Alphaproteobacteria,Rhizobiales,Phyllobacteriaceae,Mesorhizobium,Mesorhizobium robiniae
ACI46147,ACI46147,Bacteria,Proteobacteria,Alphaproteobacteria,Rhizobiales,Xanthobacteraceae,Azorhizobium,Azorhizobium doebereinerae
ACI47353,ACI47353,Bacteria,Proteobacteria,Alphaproteobacteria,Rhizobiales,Phyllobacteriaceae,Mesorhizobium,Mesorhizobium septentrionale
ACI47354,ACI47354,Bacteria,Proteobacteria,Alphaproteobacteria,Rhizobiales,Phyllobacteriaceae,Mesorhizobium,Mesorhizobium septentrionale
ACJ24359,ACJ24359,Bacteria,Actinobacteria,Actinobacteria,Frankiales,Frankiaceae,Frankia,Frankia sp. An2.1
ACJ24365,ACJ24365,Bacteria,Actinobacteria,Actinobacteria,Frankiales,Frankiaceae,Frankia,Frankia sp. Ea1.12
ACJ24394,ACJ24394,Bacteria,Actinobacteria,Actinobacteria,Frankiales,Frankiaceae,Frankia,uncultured Frankia sp.
ACK38174,ACK38174,Bacteria,Proteobacteria,Acidithiobacillia,Acidithiobacillales,Acidithiobacillaceae,Acidithiobacillus,Acidithiobacillus ferrivorans
ACM48733,ACM48733,Bacteria,Cyanobacteria,Unassigned,Nostocales,Hapalosiphonaceae,Mastigocladus,Mastigocladus laminosus
ACM63045,ACM63045,Bacteria,Proteobacteria,Gammaproteobacteria,Enterobacterales,Enterobacteriaceae,Klebsiella,Klebsiella pneumoniae
ACM63060,ACM63060,Bacteria,Proteobacteria,Gammaproteobacteria,Enterobacterales,Erwiniaceae,Pantoea,Pantoea sp. CRLI0724b
ACM63066,ACM63066,Bacteria,Proteobacteria,Gammaproteobacteria,Enterobacterales,Erwiniaceae,Pantoea,Pantoea sp. CRLI0725a
ACM68399,ACM68399,Bacteria,Proteobacteria,Gammaproteobacteria,Enterobacterales,Enterobacteriaceae,Klebsiella,Klebsiella michiganensis
ACN76542,ACN76542,Bacteria,Proteobacteria,Gammaproteobacteria,Pseudomonadales,Pseudomonadaceae,Pseudomonas,Pseudomonas sp. IPPW-3
ACN88695,ACN88695,Bacteria,Proteobacteria,Gammaproteobacteria,Pseudomonadales,Pseudomonadaceae,Azotobacter,Azotobacter chroococcum
ACN88697,ACN88697,Bacteria,Proteobacteria,Gammaproteobacteria,Pseudomonadales,Pseudomonadaceae,Pseudomonas,Pseudomonas sp. gx-127
ACN88699,ACN88699,Bacteria,Proteobacteria,Gammaproteobacteria,Xanthomonadales,Xanthomonadaceae,Stenotrophomonas,Stenotrophomonas sp. gx-44
ACO35352,ACO35352,Bacteria,Proteobacteria,Alphaproteobacteria,Rhodospirillales,Rhodospirillaceae,Azospirillum,Azospirillum sp. TSH100
ACO35786,ACO35786,Bacteria,Actinobacteria,Actinobacteria,Frankiales,Frankiaceae,Frankia,Frankia sp. R43(2009)
ACO35830,ACO35830,Bacteria,Actinobacteria,Actinobacteria,Frankiales,Frankiaceae,Frankia,uncultured Frankia sp.
ACO35855,ACO35855,Bacteria,Actinobacteria,Actinobacteria,Frankiales,Frankiaceae,Frankia,uncultured Frankia sp.
ACO35869,ACO35869,Bacteria,Actinobacteria,Actinobacteria,Frankiales,Frankiaceae,Frankia,uncultured Frankia sp.
ACO58677,ACO58677,Bacteria,Proteobacteria,Alphaproteobacteria,Rhizobiales,Bradyrhizobiaceae,Bradyrhizobium,Bradyrhizobium sp. RS13
ACO76527,ACO76527,Bacteria,Proteobacteria,Gammaproteobacteria,Pseudomonadales,Pseudomonadaceae,Azotobacter,Azotobacter vinelandii
ACQ84514,ACQ84514,Bacteria,Proteobacteria,Alphaproteobacteria,Rhizobiales,Bradyrhizobiaceae,Bradyrhizobium,Bradyrhizobium sp. ORS 279
ACQ84523,ACQ84523,Bacteria,Proteobacteria,Alphaproteobacteria,Rhizobiales,Bradyrhizobiaceae,Bradyrhizobium,Bradyrhizobium sp. ORS 304
ACQ84534,ACQ84534,Bacteria,Proteobacteria,Alphaproteobacteria,Rhizobiales,Bradyrhizobiaceae,Bradyrhizobium,Bradyrhizobium sp. ORS 331
ACQ99358,ACQ99358,Bacteria,Firmicutes,Bacilli,Bacillales,Paenibacillaceae,Paenibacillus,Paenibacillus borealis
ACQ99359,ACQ99359,Bacteria,Proteobacteria,Betaproteobacteria,Burkholderiales,Burkholderiaceae,Paraburkholderia,Paraburkholderia phytofirmans
ACQ99363,ACQ99363,Bacteria,Proteobacteria,Betaproteobacteria,Burkholderiales,Oxalobacteraceae,Herbaspirillum,Herbaspirillum seropedicae
ACR19167,ACR19167,Bacteria,Proteobacteria,Alphaproteobacteria,Sphingomonadales,Sphingomonadaceae,Sphingomonas,Sphingomonas sp. BR12256
ACR19175,ACR19175,Bacteria,Proteobacteria,Alphaproteobacteria,Sphingomonadales,Sphingomonadaceae,Sphingomonas,Sphingomonas sp. BR12261
ACS45061,ACS45061,Bacteria,Proteobacteria,Alphaproteobacteria,Rhodospirillales,Rhodospirillaceae,Azospirillum,Azospirillum brasilense
ACS45067,ACS45067,Bacteria,Proteobacteria,Alphaproteobacteria,Rhodospirillales,Rhodospirillaceae,Azospirillum,Azospirillum brasilense
ACT67970,ACT67970,Bacteria,Proteobacteria,Alphaproteobacteria,Rhizobiales,Bradyrhizobiaceae,Bradyrhizobium,Bradyrhizobium japonicum
ACT67972,ACT67972,Bacteria,Proteobacteria,Alphaproteobacteria,Rhizobiales,Bradyrhizobiaceae,Bradyrhizobium,Bradyrhizobium japonicum
ACT67973,ACT67973,Bacteria,Proteobacteria,Alphaproteobacteria,Rhizobiales,Bradyrhizobiaceae,Bradyrhizobium,Bradyrhizobium japonicum
ACT67974,ACT67974,Bacteria,Proteobacteria,Alphaproteobacteria,Rhizobiales,Bradyrhizobiaceae,Bradyrhizobium,Bradyrhizobium japonicum
ACT67975,ACT67975,Bacteria,Proteobacteria,Alphaproteobacteria,Rhizobiales,Bradyrhizobiaceae,Bradyrhizobium,Bradyrhizobium japonicum
ACT67976,ACT67976,Bacteria,Proteobacteria,Alphaproteobacteria,Rhizobiales,Bradyrhizobiaceae,Bradyrhizobium,Bradyrhizobium japonicum
ACT67977,ACT67977,Bacteria,Proteobacteria,Alphaproteobacteria,Rhizobiales,Bradyrhizobiaceae,Bradyrhizobium,Bradyrhizobium japonicum
ACT67978,ACT67978,Bacteria,Proteobacteria,Alphaproteobacteria,Rhizobiales,Bradyrhizobiaceae,Bradyrhizobium,Bradyrhizobium japonicum
ACT67980,ACT67980,Bacteria,Proteobacteria,Alphaproteobacteria,Rhizobiales,Bradyrhizobiaceae,Bradyrhizobium,Bradyrhizobium japonicum
ACT67981,ACT67981,Bacteria,Proteobacteria,Alphaproteobacteria,Rhizobiales,Bradyrhizobiaceae,Bradyrhizobium,Bradyrhizobium japonicum
ACT67982,ACT67982,Bacteria,Proteobacteria,Alphaproteobacteria,Rhizobiales,Bradyrhizobiaceae,Bradyrhizobium,Bradyrhizobium japonicum
ACT67983,ACT67983,Bacteria,Proteobacteria,Alphaproteobacteria,Rhizobiales,Bradyrhizobiaceae,Bradyrhizobium,Bradyrhizobium japonicum
ACT67984,ACT67984,Bacteria,Proteobacteria,Alphaproteobacteria,Rhizobiales,Bradyrhizobiaceae,Bradyrhizobium,Bradyrhizobium japonicum
ACT67985,ACT67985,Bacteria,Proteobacteria,Alphaproteobacteria,Rhizobiales,Bradyrhizobiaceae,Bradyrhizobium,Bradyrhizobium japonicum
ACT67986,ACT67986,Bacteria,Proteobacteria,Alphaproteobacteria,Rhizobiales,Bradyrhizobiaceae,Bradyrhizobium,Bradyrhizobium japonicum
ACT67987,ACT67987,Bacteria,Proteobacteria,Alphaproteobacteria,Rhizobiales,Bradyrhizobiaceae,Bradyrhizobium,Bradyrhizobium japonicum
ACT67989,ACT67989,Bacteria,Proteobacteria,Alphaproteobacteria,Rhizobiales,Bradyrhizobiaceae,Bradyrhizobium,Bradyrhizobium japonicum
ACT67990,ACT67990,Bacteria,Proteobacteria,Alphaproteobacteria,Rhizobiales,Bradyrhizobiaceae,Bradyrhizobium,Bradyrhizobium japonicum
ACT67991,ACT67991,Bacteria,Proteobacteria,Alphaproteobacteria,Rhizobiales,Bradyrhizobiaceae,Bradyrhizobium,Bradyrhizobium japonicum
ACT67992,ACT67992,Bacteria,Proteobacteria,Alphaproteobacteria,Rhizobiales,Bradyrhizobiaceae,Bradyrhizobium,Bradyrhizobium japonicum
ACX47344,ACX47344,Bacteria,Proteobacteria,Alphaproteobacteria,Rhizobiales,Phyllobacteriaceae,Mesorhizobium,Mesorhizobium sp. ORS 3324
ACX47348,ACX47348,Bacteria,Proteobacteria,Alphaproteobacteria,Rhizobiales,Phyllobacteriaceae,Mesorhizobium,Mesorhizobium sp. ORS 3369
ACY08920,ACY08920,Bacteria,Cyanobacteria,Unassigned,Chroococcidiopsidales,Chroococcidiopsidaceae,Chroococcidiopsis,Chroococcidiopsis sp. MMG-5
ACY38116,ACY38116,Bacteria,Proteobacteria,Alphaproteobacteria,Rhizobiales,Bradyrhizobiaceae,Bradyrhizobium,Bradyrhizobium canariense
ACY38122,ACY38122,Bacteria,Proteobacteria,Alphaproteobacteria,Rhizobiales,Bradyrhizobiaceae,Bradyrhizobium,Bradyrhizobium japonicum
ACY66657,ACY66657,Bacteria,Proteobacteria,Alphaproteobacteria,Rhizobiales,Phyllobacteriaceae,Mesorhizobium,Mesorhizobium tianshanense
ACZ65008,ACZ65008,Bacteria,Proteobacteria,Alphaproteobacteria,Rhizobiales,Phyllobacteriaceae,Mesorhizobium,Mesorhizobium camelthorni
ADB57025,ADB57025,Bacteria,Proteobacteria,Alphaproteobacteria,Rhodospirillales,Rhodospirillaceae,Nitrospirillum,Nitrospirillum amazonense
ADB57026,ADB57026,Bacteria,Proteobacteria,Alphaproteobacteria,Rhodospirillales,Rhodospirillaceae,Azospirillum,Azospirillum canadense
ADB57027,ADB57027,Bacteria,Proteobacteria,Alphaproteobacteria,Rhodospirillales,Rhodospirillaceae,Azospirillum,Azospirillum halopraeferens
ADB57028,ADB57028,Bacteria,Proteobacteria,Alphaproteobacteria,Rhodospirillales,Rhodospirillaceae,Niveispirillum,Niveispirillum irakense
ADB57029,ADB57029,Bacteria,Proteobacteria,Alphaproteobacteria,Rhodospirillales,Rhodospirillaceae,Azospirillum,Azospirillum sp. TSH100
ADB57030,ADB57030,Bacteria,Proteobacteria,Alphaproteobacteria,Rhodospirillales,Rhodospirillaceae,Azospirillum,Azospirillum melinis
ADB57031,ADB57031,Bacteria,Proteobacteria,Alphaproteobacteria,Rhodospirillales,Rhodospirillaceae,Azospirillum,Azospirillum picis
ADB57032,ADB57032,Bacteria,Proteobacteria,Alphaproteobacteria,Rhodospirillales,Rhodospirillaceae,Azospirillum,Azospirillum brasilense
ADC83986,ADC83986,Bacteria,Proteobacteria,Alphaproteobacteria,Rhizobiales,Phyllobacteriaceae,Mesorhizobium,Mesorhizobium gobiense
ADC97878,ADC97878,Bacteria,Verrucomicrobia,Methylacidiphilae,Methylacidiphilales,Methylacidiphilaceae,Methylacidiphilum,Methylacidiphilum fumariolicum
ADD20939,ADD20939,Bacteria,Proteobacteria,Alphaproteobacteria,Rhizobiales,Bradyrhizobiaceae,Bradyrhizobium,Bradyrhizobium lablabi
ADD20940,ADD20940,Bacteria,Proteobacteria,Alphaproteobacteria,Rhizobiales,Bradyrhizobiaceae,Bradyrhizobium,Bradyrhizobium japonicum
ADE45497,ADE45497,Bacteria,Proteobacteria,Betaproteobacteria,Burkholderiales,Burkholderiaceae,Paraburkholderia,Paraburkholderia phymatum
ADH04341,ADH04341,Bacteria,Actinobacteria,Actinobacteria,Frankiales,Frankiaceae,Frankia,uncultured Frankia sp.
ADI24999,ADI24999,Bacteria,Proteobacteria,Alphaproteobacteria,Rhizobiales,Bradyrhizobiaceae,Bradyrhizobium,Bradyrhizobium sp. STM 3070
ADI25002,ADI25002,Bacteria,Proteobacteria,Alphaproteobacteria,Rhizobiales,Bradyrhizobiaceae,Bradyrhizobium,Bradyrhizobium sp. STM 3078
ADJ10891,ADJ10891,Bacteria,Firmicutes,Bacilli,Bacillales,Paenibacillaceae,Paenibacillus,Paenibacillus polymyxa
ADJ37235,ADJ37235,Bacteria,Proteobacteria,Alphaproteobacteria,Rhizobiales,Bradyrhizobiaceae,Bradyrhizobium,Bradyrhizobium yuanmingense
ADM25241,ADM25241,Bacteria,Proteobacteria,Betaproteobacteria,Burkholderiales,Burkholderiaceae,Cupriavidus,Cupriavidus sp. pp2.75
ADQ79569,ADQ79569,Bacteria,Bacteroidetes,Bacteroidia,Bacteroidales,Paludibacteraceae,Paludibacter,Paludibacter propionicigenes
ADR34162,ADR34162,Bacteria,Proteobacteria,Epsilonproteobacteria,Campylobacterales,Helicobacteraceae,Sulfuricurvum,Sulfuricurvum kujiense
ADW19185,ADW19185,Bacteria,Proteobacteria,Deltaproteobacteria,Desulfobacterales,Desulfobulbaceae,Desulfobulbus,Desulfobulbus propionicus
ADX98564,ADX98564,Bacteria,Proteobacteria,Gammaproteobacteria,Acidiferrobacterales,Acidiferrobacteraceae,Acidiferrobacter,Acidiferrobacter thiooxydans
AEA48237,AEA48237,Bacteria,Proteobacteria,Alphaproteobacteria,Rhodospirillales,Rhodospirillaceae,Azospirillum,Azospirillum sp. CC-RW20-51
AEA48238,AEA48238,Bacteria,Proteobacteria,Alphaproteobacteria,Rhodospirillales,Rhodospirillaceae,Skermanella,Skermanella aerolata
AEC13396,AEC13396,Bacteria,Proteobacteria,Alphaproteobacteria,Rhizobiales,Bradyrhizobiaceae,Bradyrhizobium,Bradyrhizobium diazoefficiens
AEC13402,AEC13402,Bacteria,Proteobacteria,Alphaproteobacteria,Rhizobiales,Bradyrhizobiaceae,Bradyrhizobium,Bradyrhizobium sp. SEMIA 6014
AEC13430,AEC13430,Bacteria,Proteobacteria,Alphaproteobacteria,Rhizobiales,Bradyrhizobiaceae,Bradyrhizobium,Bradyrhizobium sp. SEMIA 6164
AEH03849,AEH03849,Bacteria,Proteobacteria,Alphaproteobacteria,Rhizobiales,Phyllobacteriaceae,Mesorhizobium,Mesorhizobium sp. GGS20
AEK24832,AEK24832,Bacteria,Cyanobacteria,Unassigned,Unassigned,Unassigned,Unassigned,uncultured heterocystous cyanobacterium
AEK24833,AEK24833,Bacteria,Cyanobacteria,Unassigned,Unassigned,Unassigned,Unassigned,uncultured heterocystous cyanobacterium
AEK24836,AEK24836,Bacteria,Cyanobacteria,Unassigned,Unassigned,Unassigned,Unassigned,uncultured heterocystous cyanobacterium
AEK24839,AEK24839,Bacteria,Cyanobacteria,Unassigned,Unassigned,Unassigned,Unassigned,uncultured heterocystous cyanobacterium
AEL79581,AEL79581,Bacteria,Proteobacteria,Alphaproteobacteria,Rhizobiales,Bradyrhizobiaceae,Bradyrhizobium,Bradyrhizobium genosp. TUXTLAS-29
AEL79582,AEL79582,Bacteria,Proteobacteria,Alphaproteobacteria,Rhizobiales,Bradyrhizobiaceae,Bradyrhizobium,Bradyrhizobium genosp. TUXTLAS-29
AEL96948,AEL96948,Bacteria,Proteobacteria,Alphaproteobacteria,Rhizobiales,Bradyrhizobiaceae,Bradyrhizobium,Bradyrhizobium genosp. TUXTLAS-4
AEL96954,AEL96954,Bacteria,Proteobacteria,Alphaproteobacteria,Rhizobiales,Bradyrhizobiaceae,Bradyrhizobium,Bradyrhizobium genosp. TUXTLAS-18
AEL96959,AEL96959,Bacteria,Proteobacteria,Alphaproteobacteria,Rhizobiales,Bradyrhizobiaceae,Bradyrhizobium,Bradyrhizobium genosp. TUXTLAS-22
AEM47783,AEM47783,Bacteria,Proteobacteria,Acidithiobacillia,Acidithiobacillales,Acidithiobacillaceae,Acidithiobacillus,Acidithiobacillus ferrivorans
AEN14646,AEN14646,Bacteria,Nitrospirae,Nitrospira,Nitrospirales,Nitrospiraceae,Leptospirillum,Leptospirillum ferriphilum
AEP33439,AEP33439,Bacteria,Proteobacteria,Alphaproteobacteria,Rhizobiales,Bradyrhizobiaceae,Bradyrhizobium,Bradyrhizobium sp. Lppb8
AEP33459,AEP33459,Bacteria,Proteobacteria,Alphaproteobacteria,Rhizobiales,Bradyrhizobiaceae,Bradyrhizobium,Bradyrhizobium sp. cmy11
AEQ16447,AEQ16447,Bacteria,Proteobacteria,Alphaproteobacteria,Rhizobiales,Rhizobiaceae,Rhizobium,Rhizobium grahamii
AET12071,AET12071,Bacteria,Proteobacteria,Alphaproteobacteria,Sphingomonadales,Sphingomonadaceae,Sphingomonas,Sphingomonas sp. CCBAU 10879
AET12078,AET12078,Bacteria,Proteobacteria,Gammaproteobacteria,Enterobacterales,Erwiniaceae,Pantoea,Pantoea sp. CCBAU 10904
AET12080,AET12080,Bacteria,Actinobacteria,Actinobacteria,Micrococcales,Micrococcaceae,Kocuria,Kocuria sp. CCBAU 10913
AET51775,AET51775,Bacteria,Proteobacteria,Alphaproteobacteria,Rhizobiales,Bradyrhizobiaceae,Bradyrhizobium,Bradyrhizobium sp. 61A124
AET59369,AET59369,Bacteria,Firmicutes,Bacilli,Bacillales,Paenibacillaceae,Paenibacillus,Paenibacillus terrae
AET87443,AET87443,Bacteria,Proteobacteria,Gammaproteobacteria,Methylococcales,Methylococcaceae,Methyloglobulus,Methyloglobulus morosus
AEV67918,AEV67918,Bacteria,Firmicutes,Clostridia,Clostridiales,Hungateiclostridiaceae,Hungateiclostridium,Hungateiclostridium clariflavum
AEW16329,AEW16329,Bacteria,Proteobacteria,Alphaproteobacteria,Rhizobiales,Rhizobiaceae,Rhizobium,Rhizobium sp. CCGE 510
AEX24158,AEX24158,Bacteria,Proteobacteria,Gammaproteobacteria,Vibrionales,Vibrionaceae,Vibrio,Vibrio sp. EJY3
AEX54812,AEX54812,Bacteria,Proteobacteria,Gammaproteobacteria,Enterobacterales,Yersiniaceae,Rahnella,Rahnella aquatilis
AFD02342,AFD02342,Bacteria,Proteobacteria,Alphaproteobacteria,Rhizobiales,Bradyrhizobiaceae,Bradyrhizobium,Bradyrhizobium sp. cmw2
AFF19342,AFF19342,Bacteria,Proteobacteria,Alphaproteobacteria,Rhizobiales,Phyllobacteriaceae,Mesorhizobium,Mesorhizobium qingshengii
AFL75500,AFL75500,Bacteria,Proteobacteria,Gammaproteobacteria,Chromatiales,Chromatiaceae,Thiocystis,Thiocystis violascens
AFM28066,AFM28066,Bacteria,Proteobacteria,Deltaproteobacteria,Syntrophobacterales,Syntrophaceae,Desulfomonile,Desulfomonile tiedjei
AFM42901,AFM42901,Bacteria,Firmicutes,Clostridia,Clostridiales,Peptococcaceae,Desulfosporosinus,Desulfosporosinus acidiphilus
AFQ33513,AFQ33513,Bacteria,Proteobacteria,Alphaproteobacteria,Rhodospirillales,Rhodospirillaceae,Azospirillum,uncultured Azospirillum sp.
AGG68332,AGG68332,Bacteria,Cyanobacteria,Unassigned ,Oscillatoriales,Unassigned ,Oscillatoria,Oscillatoria_sp.
AGK13025,AGK13025,Bacteria,Proteobacteria,Gammaproteobacteria,Pseudomonadales,Pseudomonadaceae,Azotobacter,Azotobacter vinelandii
AGS16795,AGS16795,Bacteria,Proteobacteria,Alphaproteobacteria,Sphingomonadales,Sphingomonadaceae,Sphingomonas,Sphingomonas paucimobilis
AHF02966,AHF02966,Bacteria,Proteobacteria,Gammaproteobacteria,Chromatiales,Chromatiaceae,Marichromatium,Marichromatium purpuratum
AHG52179,AHG52179,Bacteria,Proteobacteria,Alphaproteobacteria,Rhizobiales,Bradyrhizobiaceae,Bradyrhizobium,Bradyrhizobium sp. ll4
AHV97987,AHV97987,Bacteria,Firmicutes,Bacilli,Bacillales,Paenibacillaceae,Paenibacillus,Paenibacillus sabinae
AHV98963,AHV98963,Bacteria,Firmicutes,Bacilli,Bacillales,Paenibacillaceae,Paenibacillus,Paenibacillus sabinae
AIE76348,AIE76348,Bacteria,Proteobacteria,Betaproteobacteria,Burkholderiales,Burkholderiaceae,Burkholderia,Burkholderia vietnamiensis
AIX13328,AIX13328,Bacteria,Proteobacteria,Alphaproteobacteria,Rhizobiales,Bradyrhizobiaceae,Bradyrhizobium,Bradyrhizobium sp. CCBAU 71331
AJQ26362,AJQ26362,Bacteria,Firmicutes,Negativicutes,Selenomonadales,Sporomusaceae,Pelosinus,Pelosinus fermentans
AllVinos,AllVinos,Bacteria,Proteobacteria,Gammaproteobacteria,Chromatiales,Chromatiaceae,Allochromatium,Allochromatium_vinosum
AnmSpec3,AnmSpec3,Bacteria,Cyanobacteria,Unassigned ,Nostocales,Nostocaceae,Auncultured_bacteriumbaeuncultured_bacterium,Auncultured_bacteriumbaeuncultured_bacterium_variabilis
AnmSpeci,AnmSpeci,Bacteria,Cyanobacteria,Unassigned ,Nostocales,Nostocaceae,Auncultured_bacteriumbaeuncultured_bacterium,Auncultured_bacteriumbaeuncultured_bacterium_variabilis
ATQ67965,ATQ67965,Bacteria,Proteobacteria,Alphaproteobacteria,Rhizobiales,Methylocystaceae,Methylosinus,Methylosinus trichosporium
AVR14760,AVR14760,Bacteria,Proteobacteria,Betaproteobacteria,Burkholderiales,Burkholderiaceae,Burkholderia,Burkholderia vietnamiensis
AVZ30909,AVZ30909,Bacteria,Cyanobacteria,Unassigned,Nostocales,Aphanizomenonaceae,Nodularia,Nodularia spumigena
AVZ31407,AVZ31407,Bacteria,Cyanobacteria,Unassigned,Nostocales,Aphanizomenonaceae,Nodularia,Nodularia spumigena
AYC76578,AYC76578,Bacteria,Proteobacteria,Alphaproteobacteria,Rhizobiales,Phyllobacteriaceae,Mesorhizobium,Mesorhizobium ciceri
AYH49664,AYH49664,Bacteria,Proteobacteria,Gammaproteobacteria,Enterobacterales,Pectobacteriaceae,Dickeya,Dickeya fangzhongdai
BAC07279,BAC07279,Bacteria,Proteobacteria,Alphaproteobacteria,Rhizobiales,Bradyrhizobiaceae,Bradyrhizobium,Bradyrhizobium sp. IRBG 228
BAC07282,BAC07282,Bacteria,Proteobacteria,Alphaproteobacteria,Rhizobiales,Bradyrhizobiaceae,Bradyrhizobium,Bradyrhizobium diazoefficiens
BAC07283,BAC07283,Bacteria,Proteobacteria,Alphaproteobacteria,Rhizobiales,Bradyrhizobiaceae,Bradyrhizobium,Bradyrhizobium sp. MAFF 210318
BAC07287,BAC07287,Bacteria,Proteobacteria,Alphaproteobacteria,Rhizobiales,Bradyrhizobiaceae,Rhodopseudomouncultured_bacteriums,Rhodopseudomouncultured_bacteriums_palustris
BAC07292,BAC07292,Bacteria,Proteobacteria,Alphaproteobacteria,Rhodobacterales,Rhodobacteraceae,Rhodovulum,Rhodovulum strictum
BAC07293,BAC07293,Bacteria,Proteobacteria,Alphaproteobacteria,Rhodobacterales,Rhodobacteraceae,Rhodovulum,Rhodovulum sulfidophilum
BAC07295,BAC07295,Bacteria,Proteobacteria,Alphaproteobacteria,Rhodobacterales,Rhodobacteraceae,Rhodobacter,Rhodobacter blasticus
BAD54836,BAD54836,Bacteria,Proteobacteria,Alphaproteobacteria,Rhizobiales,Methylocystaceae,Pleomorphomonas,Pleomorphomonas oryzae
BAE15985,BAE15985,Bacteria,Proteobacteria,Betaproteobacteria,Burkholderiales,Unassigned,Rubrivivax,Rubrivivax gelatinosus
BAE15986,BAE15986,Bacteria,Proteobacteria,Betaproteobacteria,Burkholderiales,Comamonadaceae,Pelomonas,Pelomonas saccharophila
BAE15987,BAE15987,Bacteria,Proteobacteria,Betaproteobacteria,Burkholderiales,Alcaligenaceae,Derxia,Derxia gummosa
BAE15989,BAE15989,Bacteria,Proteobacteria,Betaproteobacteria,Burkholderiales,Alcaligenaceae,Derxia,Derxia gummosa
BAE71134,BAE71134,Bacteria,Proteobacteria,Alphaproteobacteria,Sphingomonadales,Sphingomonadaceae,Sphingomonas,Sphingomonas azotifigens
BAE71337,BAE71337,Bacteria,Proteobacteria,Alphaproteobacteria,Rhizobiales,Methylocystaceae,Pleomorphomonas,Pleomorphomonas oryzae
BAE80733,BAE80733,Bacteria,Proteobacteria,Betaproteobacteria,Rhodocyclales,Zoogloeaceae,Zoogloea,Zoogloea oryzae
BAE80734,BAE80734,Bacteria,Proteobacteria,Betaproteobacteria,Rhodocyclales,Zoogloeaceae,Zoogloea,Zoogloea oryzae
BAF35986,BAF35986,Bacteria,Firmicutes,Clostridia,Clostridiales,Clostridiaceae,Clostridium,Clostridium sp. Kas107-2
BAF35993,BAF35993,Bacteria,Firmicutes,Clostridia,Clostridiales,Clostridiaceae,Clostridium,Clostridium sp. MK8
BAF35994,BAF35994,Bacteria,Firmicutes,Clostridia,Clostridiales,Clostridiaceae,Clostridium,Clostridium sp. MK11
BAF95620,BAF95620,Bacteria,Proteobacteria,Alphaproteobacteria,Rhizobiales,Bradyrhizobiaceae,Bradyrhizobium,Bradyrhizobium diazoefficiens
BAF95628,BAF95628,Bacteria,Proteobacteria,Alphaproteobacteria,Rhizobiales,Bradyrhizobiaceae,Bradyrhizobium,Bradyrhizobium sp. KO5
BAF95630,BAF95630,Bacteria,Proteobacteria,Alphaproteobacteria,Rhizobiales,Bradyrhizobiaceae,Bradyrhizobium,Bradyrhizobium sp. KO13
BAF95631,BAF95631,Bacteria,Proteobacteria,Alphaproteobacteria,Rhizobiales,Bradyrhizobiaceae,Bradyrhizobium,Bradyrhizobium sp. KO14
BAF95636,BAF95636,Bacteria,Proteobacteria,Alphaproteobacteria,Rhizobiales,Bradyrhizobiaceae,Bradyrhizobium,Bradyrhizobium sp. 58S1
BAH23271,BAH23271,Bacteria,Firmicutes,Bacilli,Bacillales,Paenibacillaceae,Paenibacillus,Paenibacillus graminis
BAH24165,BAH24165,Bacteria,Firmicutes,Bacilli,Bacillales,Paenibacillaceae,Paenibacillus,Paenibacillus fujiensis
BAH24186,BAH24186,Bacteria,Firmicutes,Bacilli,Bacillales,Paenibacillaceae,Paenibacillus,Paenibacillus abekawaensis
BAI67082,BAI67082,Bacteria,Proteobacteria,Alphaproteobacteria,Rhodospirillales,Rhodospirillaceae,Azospirillum,Azospirillum sp. TSH6
BAI94592,BAI94592,Bacteria,Proteobacteria,Gammaproteobacteria,Methylococcales,Methylococcaceae,Methylovulum,Methylovulum miyakonense
BAL23130,BAL23130,Bacteria,Proteobacteria,Betaproteobacteria,Rhodocyclales,Zoogloeaceae,Azoarcus,Azoarcus sp. KH32C
BAL26358,BAL26358,Bacteria,Proteobacteria,Betaproteobacteria,Rhodocyclales,Zoogloeaceae,Azoarcus,Azoarcus sp. KH32C
BAL41042,BAL41042,Bacteria,Proteobacteria,Alphaproteobacteria,Rhizobiales,Rhizobiaceae,Sinorhizobium,Sinorhizobium meliloti
BAL77838,BAL77838,Bacteria,Proteobacteria,Alphaproteobacteria,Rhizobiales,Bradyrhizobiaceae,Bradyrhizobium,Bradyrhizobium sp. S23321
BBN89494,BBN89494,Bacteria,Proteobacteria,Betaproteobacteria,Rhodocyclales,Rhodocyclaceae,Azospira,Azospira sp. I09
BeiIndi2,BeiIndi2,Bacteria,Proteobacteria,Alphaproteobacteria,Rhizobiales,Beijerinckiaceae,Beijerinckia,Beijerinckia_indica
BurSilva,BurSilva,Bacteria,Proteobacteria,Betaproteobacteria,Burkholderiales,Burkholderiaceae,Burkholderia,Burkholderia_silvatlantica
BurXenov,BurXenov,Bacteria,Proteobacteria,Betaproteobacteria,Burkholderiales,Burkholderiaceae,Burkholderia,Burkholderia_xenovorans
CAB52208,CAB52208,Bacteria,Firmicutes,Bacilli,Bacillales,Paenibacillaceae,Paenibacillus,Paenibacillus odorifer
CAD31326,CAD31326,Bacteria,Proteobacteria,Alphaproteobacteria,Rhizobiales,Phyllobacteriaceae,Mesorhizobium,Mesorhizobium japonicum
CAD43946,CAD43946,Bacteria,Proteobacteria,Alphaproteobacteria,Rhizobiales,Rhizobiaceae,Sinorhizobium,Sinorhizobium sp. TJ170
CAD54428,CAD54428,Bacteria,Proteobacteria,Alphaproteobacteria,Rhizobiales,Methylobacteriaceae,Methylobacterium,Methylobacterium nodulans
CAD54430,CAD54430,Bacteria,Proteobacteria,Betaproteobacteria,Burkholderiales,Burkholderiaceae,Trinickia,Trinickia caryophylli
CAD91359,CAD91359,Bacteria,Proteobacteria,Betaproteobacteria,Rhodocyclales,Azonexaceae,Dechloromonas,Dechloromonas sp. SIUL
CAD91829,CAD91829,Bacteria,Proteobacteria,Alphaproteobacteria,Rhizobiales,Beijerinckiaceae,Beijerinckia,Beijerinckia derxii
CAD91830,CAD91830,Bacteria,Proteobacteria,Alphaproteobacteria,Rhizobiales,Beijerinckiaceae,Beijerinckia,Beijerinckia_indica
CAD91832,CAD91832,Bacteria,Proteobacteria,Alphaproteobacteria,Rhizobiales,Beijerinckiaceae,Beijerinckia,Beijerinckia derxii
CAD91834,CAD91834,Bacteria,Proteobacteria,Alphaproteobacteria,Rhizobiales,Beijerinckiaceae,Methylocella,Methylocella_silvestris
CAD91836,CAD91836,Bacteria,Proteobacteria,Alphaproteobacteria,Rhizobiales,Beijerinckiaceae,Methylocella,Methylocella tundrae
CAD91843,CAD91843,Bacteria,Proteobacteria,Alphaproteobacteria,Rhizobiales,Methylocystaceae,Methylocystis,Methylocystis echinoides
CAD91844,CAD91844,Bacteria,Proteobacteria,Alphaproteobacteria,Rhizobiales,Methylocystaceae,Methylocystis,Methylocystis echinoides
CAD91847,CAD91847,Bacteria,Proteobacteria,Alphaproteobacteria,Rhizobiales,Methylocystaceae,Methylosinus,Methylosinus sporium
CAD91849,CAD91849,Bacteria,Proteobacteria,Gammaproteobacteria,Methylococcales,Methylococcaceae,Methylobacter,Methylobacter luteus
CAD91851,CAD91851,Bacteria,Proteobacteria,Alphaproteobacteria,Rhizobiales,Beijerinckiaceae,Rhodoblastus,Rhodoblastus acidophilus
CAD91852,CAD91852,Bacteria,Proteobacteria,Alphaproteobacteria,Rhizobiales,Xanthobacteraceae,Azorhizobium,Azorhizobium caulinodans
CAK10385,CAK10385,Bacteria,Proteobacteria,Alphaproteobacteria,Rhizobiales,Rhizobiaceae,Rhizobium,Rhizobium leguminosarum
CanAccum,CanAccum,Bacteria,Firmicutes,Clostridia,Clostridiales,Peptococcaceae,CandidatusDesulforudis,Candidatus_Desulforudis
CanMeth5,CanMeth5,Bacteria,Proteobacteria,Betaproteobacteria,CandidatusAccumulibacter,Unassigned ,Unassigned ,Candidatus_Accumulibacter
CAR92466,CAR92466,Bacteria,Proteobacteria,Alphaproteobacteria,Rhizobiales,Beijerinckiaceae,Methylovirgula,Methylovirgula ligni
CBA11955,CBA11955,Bacteria,Proteobacteria,Alphaproteobacteria,Rhizobiales,Beijerinckiaceae,Methylocapsa,Methylocapsa aurea
CBA73935,CBA73935,Bacteria,Proteobacteria,Betaproteobacteria,Burkholderiales,Burkholderiaceae,Paraburkholderia,Paraburkholderia sp. JPY161
CBA74091,CBA74091,Bacteria,Proteobacteria,Betaproteobacteria,Burkholderiales,Burkholderiaceae,Burkholderia,Burkholderia sp. JPY346
CBA74129,CBA74129,Bacteria,Proteobacteria,Betaproteobacteria,Burkholderiales,Burkholderiaceae,Burkholderia,Burkholderia sp. JPY388
CBA74196,CBA74196,Bacteria,Proteobacteria,Betaproteobacteria,Burkholderiales,Burkholderiaceae,Burkholderia,Burkholderia sp. JPY434
CBL85086,CBL85086,Bacteria,Proteobacteria,Alphaproteobacteria,Rhodospirillales,Rhodospirillaceae,Azospirillum,Azospirillum zeae
CBL85088,CBL85088,Bacteria,Proteobacteria,Alphaproteobacteria,Rhodospirillales,Rhodospirillaceae,Azospirillum,Azospirillum brasilense
CBL85098,CBL85098,Bacteria,Proteobacteria,Gammaproteobacteria,Pseudomonadales,Pseudomonadaceae,Pseudomonas,Pseudomonas stutzeri
CBM43082,CBM43082,Bacteria,Proteobacteria,Betaproteobacteria,Burkholderiales,Burkholderiaceae,Cupriavidus,Cupriavidus sp. tpud27.2
CBM43090,CBM43090,Bacteria,Proteobacteria,Betaproteobacteria,Burkholderiales,Burkholderiaceae,Cupriavidus,Cupriavidus taiwanensis
CBM43091,CBM43091,Bacteria,Proteobacteria,Alphaproteobacteria,Rhizobiales,Rhizobiaceae,Rhizobium,Rhizobium grahamii
CBM43092,CBM43092,Bacteria,Proteobacteria,Betaproteobacteria,Burkholderiales,Burkholderiaceae,Paraburkholderia,Paraburkholderia tuberum
CBW47548,CBW47548,Bacteria,Proteobacteria,Alphaproteobacteria,Rhizobiales,Beijerinckiaceae,Methyloferula,Methyloferula stellata
CBZ42033,CBZ42033,Bacteria,Proteobacteria,Betaproteobacteria,Burkholderiales,Burkholderiaceae,Burkholderia,Burkholderia_sp.
CBZ42034,CBZ42034,Bacteria,Proteobacteria,Alphaproteobacteria,Rhizobiales,Bradyrhizobiaceae,Rhodopseudomouncultured_bacteriums,Rhodopseudomouncultured_bacteriums_palustris
CCA63438,CCA63438,Bacteria,Proteobacteria,Alphaproteobacteria,Rhizobiales,Rhizobiaceae,Rhizobium,Rhizobium leguminosarum
CCA63446,CCA63446,Bacteria,Proteobacteria,Alphaproteobacteria,Rhizobiales,Rhizobiaceae,Rhizobium,Rhizobium leguminosarum
CCB66847,CCB66847,Bacteria,Proteobacteria,Alphaproteobacteria,Rhizobiales,Hyphomicrobiaceae,Hyphomicrobium,Hyphomicrobium sp. MC1
CCE09468,CCE09468,Bacteria,Proteobacteria,Alphaproteobacteria,Rhizobiales,Bradyrhizobiaceae,Bradyrhizobium,Bradyrhizobium sp. STM 3843
CCG09210,CCG09210,Bacteria,Proteobacteria,Alphaproteobacteria,Rhodospirillales,Rhodospirillaceae,Pararhodospirillum,Pararhodospirillum photometricum
CCH10597,CCH10597,Bacteria,Proteobacteria,Alphaproteobacteria,Rhizobiales,Methylocystaceae,Methylocystis,Methylocystis bryophila
CCH22595,CCH22595,Bacteria,Proteobacteria,Gammaproteobacteria,Methylococcales,Methylococcaceae,Methylomonas,Methylomonas paludis
CCH40450,CCH40450,Bacteria,Proteobacteria,Alphaproteobacteria,Rhizobiales,Rhizobiaceae,Sinorhizobium,Sinorhizobium meliloti
CDK97560,CDK97560,Bacteria,Proteobacteria,Alphaproteobacteria,Rhodospirillales,Rhodospirillaceae,Magnetospirillum,Magnetospirillum gryphiswaldense
CloCell4,CloCell4,Bacteria,Firmicutes,Clostridia,Clostridiales,Clostridiaceae,Clostridium,Clostridium_cellulovorans
CntSpe11,CntSpe11,Bacteria,Cyanobacteria,Unassigned ,Chroococcales,Unassigned ,Cyanothece,Cyanothece_sp.
CntSpe19,CntSpe19,Bacteria,Cyanobacteria,Unassigned ,Chroococcales,Unassigned ,Cyanothece,Cyanothece_sp.
CorAkaji,CorAkaji,Bacteria,Verrucomicrobia,Opitutae,Puniceicoccales,Puniceicoccaceae,Coraliomargarita,Coraliomargarita_akajimensis
CUU45865,CUU45865,Bacteria,Firmicutes,Clostridia,Clostridiales,Clostridiaceae,Clostridium,Clostridium beijerinckii
DelProt3,DelProt3,Bacteria,Proteobacteria,Deltaproteobacteria,Unassigned ,Unassigned ,Unassigned ,delta_proteobacterium
DicDada2,DicDada2,Bacteria,Proteobacteria,Gammaproteobacteria,Enterobacteriales,Enterobacteriaceae,Dickeya,Dickeya_dadantii
DsfAespo,DsfAespo,Bacteria,Proteobacteria,Deltaproteobacteria,Desulfovibriouncultured_bacteriumles,Desulfovibriouncultured_bacteriumceae,Desulfovibrio,Desulfovibrio_aespoeensis
DsfSpeci,DsfSpeci,Bacteria,Proteobacteria,Deltaproteobacteria,Desulfovibriouncultured_bacteriumles,Desulfovibriouncultured_bacteriumceae,Desulfovibrio,Desulfovibrio_sp.
DsfVulg2,DsfVulg2,Bacteria,Proteobacteria,Deltaproteobacteria,Desulfovibriouncultured_bacteriumles,Desulfovibriouncultured_bacteriumceae,Desulfovibrio,Desulfovibrio_vulgaris
DsmBacu2,DsmBacu2,Bacteria,Proteobacteria,Deltaproteobacteria,Desulfovibriouncultured_bacteriumles,Desulfomicrobiaceae,Desulfomicrobium,Desulfomicrobium_baculatum
EAT15955,EAT15955,Bacteria,Proteobacteria,Deltaproteobacteria,Desulfuromonadales,Desulfuromonadaceae,Desulfuromonas,Desulfuromonas acetoxidans
EEG22235,EEG22235,Bacteria,Verrucomicrobia,Opitutae,Opitutales,Opitutaceae,Geminisphaera,Geminisphaera colitermitum
EFX98811,EFX98811,Bacteria,Proteobacteria,Alphaproteobacteria,Rhizobiales,Methylocystaceae,Methylocystis,Methylocystis sp. ATCC 49242
EGB14507,EGB14507,Bacteria,Proteobacteria,Deltaproteobacteria,Desulfovibrionales,Desulfovibrionaceae,Desulfovibrio,Desulfovibrio desulfuricans
EGD60366,EGD60366,Bacteria,Proteobacteria,Alphaproteobacteria,Sphingomonadales,Sphingomonadaceae,Novosphingobium,Novosphingobium nitrogenifigens
EGJ10941,EGJ10941,Bacteria,Proteobacteria,Betaproteobacteria,Burkholderiales,Unassigned,Rubrivivax,Rubrivivax benzoatilyticus
EGJ49116,EGJ49116,Bacteria,Proteobacteria,Deltaproteobacteria,Desulfovibrionales,Desulfovibrionaceae,Desulfocurvibacter,Desulfocurvibacter africanus
EGV19816,EGV19816,Bacteria,Proteobacteria,Gammaproteobacteria,Chromatiales,Chromatiaceae,Thiocapsa,Thiocapsa marina
EGV30156,EGV30156,Bacteria,Proteobacteria,Gammaproteobacteria,Chromatiales,Chromatiaceae,Thiorhodococcus,Thiorhodococcus drewsii
EGX99768,EGX99768,Bacteria,Proteobacteria,Alphaproteobacteria,Rhodospirillales,Rhodospirillaceae,Nitrospirillum,Nitrospirillum amazonense
EGZ49204,EGZ49204,Bacteria,Proteobacteria,Gammaproteobacteria,Chromatiales,Ectothiorhodospiraceae,Thiorhodospira,Thiorhodospira sibirica
EHQ53242,EHQ53242,Bacteria,Proteobacteria,Gammaproteobacteria,Chromatiales,Ectothiorhodospiraceae,Ectothiorhodospira,Ectothiorhodospira sp. PHS-1
EIW33975,EIW33975,Bacteria,Firmicutes,Negativicutes,Selenomonadales,Sporomusaceae,Pelosinus,Pelosinus fermentans
EIZ79690,EIZ79690,Bacteria,Proteobacteria,Alphaproteobacteria,Sphingomonadales,Sphingomonadaceae,Novosphingobium,Novosphingobium sp. Rr 2-17
GeoLovle,GeoLovle,Bacteria,Proteobacteria,Deltaproteobacteria,Desulfuromouncultured_bacteriumdales,Geobacteraceae,Geobacter,Geobacter_lovleyi
GeoMetal,GeoMetal,Bacteria,Proteobacteria,Deltaproteobacteria,Desulfuromouncultured_bacteriumdales,Geobacteraceae,Geobacter,Geobacter_metallireducens
GeoSpec3,GeoSpec3,Bacteria,Proteobacteria,Deltaproteobacteria,Desulfuromouncultured_bacteriumdales,Geobacteraceae,Geobacter,Geobacter_sp.
GeoSpec5,GeoSpec5,Bacteria,Proteobacteria,Deltaproteobacteria,Desulfuromouncultured_bacteriumdales,Geobacteraceae,Geobacter,Geobacter_sp.
GeoSpec7,GeoSpec7,Bacteria,Proteobacteria,Deltaproteobacteria,Desulfuromouncultured_bacteriumdales,Geobacteraceae,Geobacter,Geobacter_sp.
GeoSulfu,GeoSulfu,Bacteria,Proteobacteria,Deltaproteobacteria,Desulfuromouncultured_bacteriumdales,Geobacteraceae,Geobacter,Geobacter_sulfurreducens
GeoUran3,GeoUran3,Bacteria,Proteobacteria,Deltaproteobacteria,Desulfuromouncultured_bacteriumdales,Geobacteraceae,Geobacter,Geobacter_uraniireducens
GluDiaz3,GluDiaz3,Bacteria,Proteobacteria,Alphaproteobacteria,Rhodospirillales,Acetobacteraceae,Glucouncultured_bacteriumcetobacter,Glucouncultured_bacteriumcetobacter_diazotrophicus
LphCholo,LphCholo,Bacteria,Proteobacteria,Betaproteobacteria,Burkholderiales,Unassigned ,Leptothrix,Leptothrix_cholodnii
MagMagn3,MagMagn3,Bacteria,Proteobacteria,Alphaproteobacteria,Rhodospirillales,Rhodospirillaceae,Magnetospirillum,Magnetospirillum_magneticum
MncMaris,MncMaris,Archaea,Euryarchaeota,Methanomicrobia,Methanomicrobiales,Methanomicrobiaceae,Methanoculleus,Methanoculleus_marisnigri
MtcSilv5,MtcSilv5,Bacteria,Proteobacteria,Alphaproteobacteria,Rhizobiales,Beijerinckiaceae,Methylocella,Methylocella_silvestris
NosPunc2,NosPunc2,Bacteria,Cyanobacteria,Unassigned ,Nostocales,Nostocaceae,Nostoc,Nostoc_punctiforme
NosPunc3,NosPunc3,Bacteria,Cyanobacteria,Unassigned ,Nostocales,Nostocaceae,Nostoc,Nostoc_punctiforme
NosPunc4,NosPunc4,Bacteria,Cyanobacteria,Unassigned ,Nostocales,Nostocaceae,Nostoc,Nostoc_punctiforme
OscSpec4,OscSpec4,Bacteria,Cyanobacteria,Unassigned ,Oscillatoriales,Unassigned ,Oscillatoria,Oscillatoria_sp.
PlbCarbi,PlbCarbi,Bacteria,Proteobacteria,Deltaproteobacteria,Desulfuromouncultured_bacteriumdales,Pelobacteraceae,Pelobacter,Pelobacter_carbinolicus
PlbPropi,PlbPropi,Bacteria,Proteobacteria,Deltaproteobacteria,Desulfuromouncultured_bacteriumdales,Pelobacteraceae,Pelobacter,Pelobacter_propionicus
QCG87643,QCG87643,Bacteria,Proteobacteria,Alphaproteobacteria,Rhodospirillales,Rhodospirillaceae,Azospirillum,Azospirillum sp. TSH100
QET47430,QET47430,Bacteria,Proteobacteria,Gammaproteobacteria,Enterobacterales,Enterobacteriaceae,Klebsiella,Klebsiella michiganensis
RhdPal21,RhdPal21,Bacteria,Proteobacteria,Alphaproteobacteria,Rhizobiales,Bradyrhizobiaceae,Rhodopseudomouncultured_bacteriums,Rhodopseudomouncultured_bacteriums_palustris
RhdPal22,RhdPal22,Bacteria,Proteobacteria,Alphaproteobacteria,Rhizobiales,Bradyrhizobiaceae,Rhodopseudomouncultured_bacteriums,Rhodopseudomouncultured_bacteriums_palustris
RhdPal29,RhdPal29,Bacteria,Proteobacteria,Alphaproteobacteria,Rhizobiales,Bradyrhizobiaceae,Rhodopseudomouncultured_bacteriums,Rhodopseudomouncultured_bacteriums_palustris
RhmVanni,RhmVanni,Bacteria,Proteobacteria,Alphaproteobacteria,Rhizobiales,Hyphomicrobiaceae,Rhodomicrobium,Rhodomicrobium_vannielii
RhsCente,RhsCente,Bacteria,Proteobacteria,Alphaproteobacteria,Rhodospirillales,Rhodospirillaceae,Rhodospirillum,Rhodospirillum_centenum
SidLitho,SidLitho,Bacteria,Proteobacteria,Betaproteobacteria,Gallionellales,Gallionellaceae,Sideroxydans,Sideroxydans_lithotrophicus
SncSpeci,SncSpeci,Bacteria,Cyanobacteria,Unassigned ,Chroococcales,Unassigned ,Synechococcus,Synechococcus_sp.
SnrFumar,SnrFumar,Bacteria,Proteobacteria,Deltaproteobacteria,Syntrophobacterales,Syntrophobacteraceae,Syntrophobacter,Syntrophobacter_fumaroxidans
sp_B0UAK2_NIFH_METS4,sp_B0UAK2_NIFH_METS4,Bacteria,Proteobacteria,Alphaproteobacteria,Rhizobiales,Methylobacteriaceae,Methylobacterium,Methylobacterium sp. 4-46
sp_B5XPH2_NIFH_KLEP3,sp_B5XPH2_NIFH_KLEP3,Bacteria,Proteobacteria,Gammaproteobacteria,Enterobacterales,Enterobacteriaceae,Klebsiella,Klebsiella pneumoniae
sp_B7JA99_NIFH_ACIF2,sp_B7JA99_NIFH_ACIF2,Bacteria,Proteobacteria,Acidithiobacillia,Acidithiobacillales,Acidithiobacillaceae,Acidithiobacillus,Acidithiobacillus ferrooxidans
sp_B8FAC4_NIFH_DESAL,sp_B8FAC4_NIFH_DESAL,Bacteria,Proteobacteria,Deltaproteobacteria,Desulfobacterales,Desulfobacteraceae,Desulfatibacillum,Desulfatibacillum aliphaticivorans
sp_C4XRK2_NIFH_DESMR,sp_C4XRK2_NIFH_DESMR,Bacteria,Proteobacteria,Deltaproteobacteria,Desulfovibrionales,Desulfovibrionaceae,Desulfovibrio,Desulfovibrio magneticus
sp_C5BTB0_NIFH_TERTT,sp_C5BTB0_NIFH_TERTT,Bacteria,Proteobacteria,Gammaproteobacteria,Cellvibrionales,Cellvibrionaceae,Teredinibacter,Teredinibacter turnerae
sp_O30577_NIFH2_NOSS1,sp_O30577_NIFH2_NOSS1,Bacteria,Cyanobacteria,Unassigned,Nostocales,Nostocaceae,Nostoc,Nostoc sp. PCC 7120
sp_P00457_NIFH1_NOSS1,sp_P00457_NIFH1_NOSS1,Bacteria,Cyanobacteria,Unassigned,Nostocales,Nostocaceae,Nostoc,Nostoc sp. PCC 7120
sp_P00459_NIFH1_AZOVI,sp_P00459_NIFH1_AZOVI,Bacteria,Proteobacteria,Gammaproteobacteria,Pseudomonadales,Pseudomonadaceae,Azotobacter,Azotobacter vinelandii
sp_P00462_NIFH_RHIET,sp_P00462_NIFH_RHIET,Bacteria,Proteobacteria,Alphaproteobacteria,Rhizobiales,Rhizobiaceae,Rhizobium,Rhizobium etli
sp_P09554_NIFH5_CLOPA,sp_P09554_NIFH5_CLOPA,Bacteria,Firmicutes,Clostridia,Clostridiales,Clostridiaceae,Clostridium,Clostridium pasteurianum
sp_P09555_NIFH6_CLOPA,sp_P09555_NIFH6_CLOPA,Bacteria,Firmicutes,Clostridia,Clostridiales,Clostridiaceae,Clostridium,Clostridium pasteurianum
sp_P0A3S1_NIFH1_ANAVT,sp_P0A3S1_NIFH1_ANAVT,Bacteria,Cyanobacteria,Unassigned,Nostocales,Nostocaceae,Trichormus,Trichormus variabilis
sp_P19068_NIFH_SINFN,sp_P19068_NIFH_SINFN,Bacteria,Proteobacteria,Alphaproteobacteria,Rhizobiales,Rhizobiaceae,Sinorhizobium,Sinorhizobium fredii
sp_P22548_NIFH4_CLOPA,sp_P22548_NIFH4_CLOPA,Bacteria,Firmicutes,Clostridia,Clostridiales,Clostridiaceae,Clostridium,Clostridium pasteurianum
sp_P26248_NIFH1_AZOCH,sp_P26248_NIFH1_AZOCH,Bacteria,Proteobacteria,Gammaproteobacteria,Pseudomonadales,Pseudomonadaceae,Azotobacter,Azotobacter chroococcum
sp_P26250_NIFH_NOSCO,sp_P26250_NIFH_NOSCO,Bacteria,Cyanobacteria,Unassigned,Nostocales,Nostocaceae,Nostoc,Nostoc commune
sp_P26251_NIFH1_AZOC5,sp_P26251_NIFH1_AZOC5,Bacteria,Proteobacteria,Alphaproteobacteria,Rhizobiales,Xanthobacteraceae,Azorhizobium,Azorhizobium caulinodans
sp_P33178_NIFH_ANASL,sp_P33178_NIFH_ANASL,Bacteria,Cyanobacteria,Unassigned,Nostocales,Nostocaceae,Anabaena,Anabaena sp. L-31
sp_P77873_NIFH_HERSE,sp_P77873_NIFH_HERSE,Bacteria,Proteobacteria,Betaproteobacteria,Burkholderiales,Oxalobacteraceae,Herbaspirillum,Herbaspirillum seropedicae
sp_Q00240_NIFH_LEPBY,sp_Q00240_NIFH_LEPBY,Bacteria,Cyanobacteria,Unassigned,Synechococcales,Leptolyngbyaceae,Leptolyngbya,Leptolyngbya boryana
sp_Q09158_NIFH_DESMC,sp_Q09158_NIFH_DESMC,Bacteria,Cyanobacteria,Unassigned,Nostocales,Aphanizomenonaceae,Nodularia,Nodularia spumigena
sp_Q2J1I1_NIFH_RHOP2,sp_Q2J1I1_NIFH_RHOP2,Bacteria,Proteobacteria,Alphaproteobacteria,Rhizobiales,Bradyrhizobiaceae,Rhodopseudomonas,Rhodopseudomonas palustris
sp_Q2J4F8_NIFH_FRACC,sp_Q2J4F8_NIFH_FRACC,Bacteria,Actinobacteria,Actinobacteria,Frankiales,Frankiaceae,Frankia,Frankia casuarinae
sp_Q44484_NIFH2_ANAVT,sp_Q44484_NIFH2_ANAVT,Bacteria,Cyanobacteria,Unassigned,Nostocales,Nostocaceae,Trichormus,Trichormus variabilis
sp_Q47921_NIFH2_MASLA,sp_Q47921_NIFH2_MASLA,Bacteria,Cyanobacteria,Unassigned,Nostocales,Hapalosiphonaceae,Mastigocladus,Mastigocladus laminosus
sp_Q47G67_NIFH_DECAR,sp_Q47G67_NIFH_DECAR,Bacteria,Proteobacteria,Betaproteobacteria,Rhodocyclales,Azonexaceae,Dechloromonas,Dechloromonas aromatica
sp_Q59270_NIFH_CLOCB,sp_Q59270_NIFH_CLOCB,Bacteria,Firmicutes,Clostridia,Clostridiales,Hungateiclostridiaceae,Ruminiclostridium,Ruminiclostridium cellobioparum
sp_Q5NLG3_NIFH_ZYMMO,sp_Q5NLG3_NIFH_ZYMMO,Bacteria,Proteobacteria,Alphaproteobacteria,Sphingomonadales,Sphingomonadaceae,Zymomonas,Zymomonas mobilis
sp_Q9AKT8_NIFH1_PAEDU,sp_Q9AKT8_NIFH1_PAEDU,Bacteria,Firmicutes,Bacilli,Bacillales,Paenibacillaceae,Paenibacillus,Paenibacillus durus
TlmAuens,TlmAuens,Bacteria,Proteobacteria,Gammaproteobacteria,Aeromouncultured_bacteriumdales,Aeromouncultured_bacteriumdaceae,Tolumouncultured_bacteriums,Tolumouncultured_bacteriums_auensis
UncNos27,UncNos27,Bacteria,Cyanobacteria,Unassigned ,Nostocales,Nostocaceae,Auncultured_bacteriumbaeuncultured_bacterium,Nostoc_azollae
UncNos28,UncNos28,Bacteria,Cyanobacteria,Unassigned ,Nostocales,Nostocaceae,Auncultured_bacteriumbaeuncultured_bacterium,Nostoc_azollae
UncNos29,UncNos29,Bacteria,Cyanobacteria,Unassigned ,Nostocales,Nostocaceae,Auncultured_bacteriumbaeuncultured_bacterium,Nostoc_azollae
VerBacte,VerBacte,Bacteria,Verrucomicrobia,Verrucomicrobiae,Verrucomicrobiales,Unassigned ,Unassigned ,Verrucomicrobiae_bacterium
XanAuto2,XanAuto2,Bacteria,Proteobacteria,Alphaproteobacteria,Rhizobiales,Xanthobacteraceae,Xanthobacter,Xanthobacter_autotrophicus
